<?xml version='1.0' encoding='utf-8'?>
<!DOCTYPE hibernate-configuration PUBLIC
        "-//Hibernate/Hibernate Configuration DTD 3.0//EN"
        "http://www.hibernate.org/dtd/hibernate-configuration-3.0.dtd">

<hibernate-configuration>
  <session-factory>
    <!--<property name="connection.url"/> -->
    <!--<property name="connection.driver_class"/> -->
    <!-- <property name="connection.username"/> -->
    <!-- <property name="connection.password"/> -->

    <!-- DB schema will be updated if needed -->
    <!-- <property name="hibernate.hbm2ddl.auto">update</property> -->
    <property name="hibernate.connection.driver_class">com.mysql.jdbc.Driver</property>
    <property name="hibernate.connection.password">#Checox1</property>
    <property name="hibernate.connection.url">jdbc:mysql://localhost:3306/CursoAPBD2?enabledTLSProtocols=TLSv1.2</property>
    <property name="hibernate.connection.username">checo</property>
    <property name="hibernate.dialect">org.hibernate.dialect.MySQLDialect</property>
    <property name="hbm2ddl.auto">create</property>
    <property name="show_sql">true</property>

    <mapping class="entidad.Cliente"/>
    <mapping class="entidad.Especialidad"/>
    <mapping class="entidad.Incidente"/>
    <mapping class="entidad.Tecnico"/>
  </session-factory>
</hibernate-configuration>