<!DOCTYPE hibernate-configuration PUBLIC "-//Hibernate/Hibernate Configuration DTD 3.0//EN"
        "http://hibernate.sourceforge.net/hibernate-configuration-3.0.dtd">
<hibernate-configuration>

    <session-factory>

        <property name="hibernate.connection.driver_class">com.mysql.cj.jdbc.Driver</property>
        <property name="hibernate.connection.url">jdbc:mysql://localhost:3306</property>
        <property name="hibernate.connection.username">root</property>
        <property name="hibernate.connection.password"></property>

        <property name="hibernate.c3p0.min_size">5</property>
        <property name="hibernate.c3p0.max_size">20</property>
        <property name="hibernate.c3p0.timeout">300</property>
        <property name="hibernate.c3p0.max_statements">50</property>
        <property name="hibernate.c3p0.idle_test_period">3000</property>

        <property name="hibernate.dialect">org.hibernate.dialect.MySQLDialect</property>

        <property name="hibernate.show_sql">true</property>

        <property name="hibernate.hbm2ddl.auto">update</property>

        <mapping class="org.Entrega1.Especialidad"/>
        <mapping class="org.Entrega1.Cliente"/>
        <mapping class="org.Entrega1.Tecnico"/>
        <mapping class="org.Entrega1.Incidente"/>
    </session-factory>
</hibernate-configuration>